years,alpha,R1,R2,R3,R4,CO2,Cacc,temp_j1,temp_j2,CO2_rf,total_rf,temperature,net_emiss,sigma,policy_cost_coefficient,policy_costs_share,policy_costs_dollar,gross_output
2015,0.376334876,57.05021,39.82080493,15.29054917,3.125415768,393.2869799,318.470421,0.109244356,0.871922263,1.865318097,2.262702197,0.981166619,11.47222374,0.000456298,0.096524664,0,0,84351.49597
,,,,,,,,,,,,,,,,,,
